r,g,b,cluster_1,cluster_2,cluster_3,cluster_4,cluster_5,cluster_6,cluster_7,cluster_8,cluster_9,cluster_10
55,56,203,0.00072459,0.996175,0.00019646,0.00146646,0.000407982,0.000239924,0.000252039,6.9867e-05,0.000134093,0.000334043
141,44,156,0.229134,0.340996,0.0089496,0.0188717,0.31388,0.0255027,0.032318,0.00767945,0.00562854,0.0170397
152,247,119,0.0104702,0.0115374,0.289898,0.0763814,0.0243767,0.407837,0.0136616,0.0751895,0.0819267,0.00872183
194,212,120,0.00445347,0.0027218,0.0212416,0.00846422,0.0138139,0.893643,0.00379023,0.0330991,0.0169736,0.00179889
113,142,205,0.0620823,0.173627,0.0254979,0.490851,0.0344311,0.1274,0.00990522,0.00764878,0.0603112,0.00824527
121,124,103,0.0275744,0.0912979,0.162043,0.0886757,0.243281,0.0985056,0.158348,0.0541817,0.0111721,0.0649209
224,128,169,0.147496,0.0106376,0.0066191,0.00895178,0.15479,0.628402,0.00639515,0.0126897,0.0212756,0.00274316
247,29,196,0.923421,0.00690886,0.00130694,0.00207562,0.0467238,0.0100251,0.00296448,0.00232499,0.00282758,0.00142185
180,57,194,0.970494,0.00661289,0.00044837,0.00109632,0.0152625,0.00347878,0.000865521,0.000479406,0.000800737,0.000461218
156,16,99,0.055405,0.0616698,0.0088571,0.00873642,0.662185,0.0147536,0.134967,0.0132699,0.00311462,0.037041
184,234,146,0.00522115,0.00349065,0.0234841,0.0159104,0.00969217,0.853876,0.00315938,0.0167185,0.0666187,0.00182866
220,117,183,0.405318,0.0152844,0.00638617,0.01066,0.152797,0.365223,0.00664917,0.0102377,0.0243965,0.00304875
183,55,190,0.965516,0.00654002,0.000483294,0.0011069,0.0197758,0.00371493,0.000991826,0.000544647,0.000815908,0.000511072
29,239,41,0.00187952,0.00583427,0.898327,0.0313454,0.00481315,0.00801882,0.0127723,0.0143858,0.0039084,0.0187157
145,220,55,0.00342179,0.00470706,0.633701,0.0165791,0.0155836,0.0474183,0.0178599,0.244526,0.00720906,0.00899488
68,255,188,0.00741368,0.0174695,0.0843316,0.716175,0.00830476,0.0494286,0.0061292,0.00891885,0.0953453,0.00648325
247,214,67,0.0104484,0.00522571,0.0343819,0.00948807,0.0453797,0.181416,0.0154081,0.6746,0.0176981,0.00595396
16,162,31,0.00437885,0.0219322,0.488439,0.0512423,0.0136579,0.0112343,0.0845168,0.023257,0.00442585,0.296916
179,164,150,0.00274326,0.00128884,0.00225853,0.00266606,0.00719735,0.977257,0.000846765,0.00211203,0.00323235,0.000397796
212,213,55,0.00305535,0.00213223,0.0275992,0.00446805,0.0161798,0.0549412,0.0081107,0.875267,0.00520143,0.00304479
2,26,79,0.00843309,0.120872,0.019338,0.023525,0.0184438,0.0062217,0.0905183,0.00677944,0.002693,0.703176
214,38,245,0.989799,0.00229206,0.000246215,0.000603851,0.00343514,0.00184787,0.000393656,0.000286386,0.000855108,0.000240281
188,45,98,0.00453403,0.0019283,0.000601854,0.000492205,0.981848,0.00168741,0.00597326,0.00146554,0.000245282,0.00122456
105,232,134,0.00716452,0.0143481,0.473788,0.284479,0.0140779,0.117837,0.01038,0.0230213,0.0462598,0.00864435
187,242,43,0.00462051,0.00432651,0.124175,0.0118615,0.0188832,0.066565,0.0156462,0.735541,0.011078,0.00730381
85,51,56,0.00255237,0.0152641,0.0065362,0.00374528,0.0169721,0.00234061,0.549419,0.0040305,0.000595259,0.398545
49,232,203,0.00328519,0.0106367,0.0234726,0.910518,0.00321338,0.0143012,0.00242183,0.00264363,0.0266824,0.00282493
193,129,142,0.0510999,0.0125083,0.0103826,0.0111241,0.323813,0.548872,0.0100255,0.0175217,0.010896,0.00375671
56,175,107,0.00341886,0.0212078,0.615687,0.2847,0.00885549,0.0146136,0.0157972,0.0088437,0.0050004,0.021876
106,216,229,0.0142293,0.0224184,0.0239034,0.411184,0.00957597,0.0872572,0.00420191,0.00564235,0.417754,0.00383281
169,253,253,5.56606e-05,3.4558e-05,4.8342e-05,0.000164234,3.2804e-05,0.000474994,1.16585e-05,2.40215e-05,0.999145,9.07917e-06
61,134,78,0.00716172,0.0544859,0.396575,0.0969991,0.0290096,0.0187778,0.132882,0.0222857,0.0049924,0.23683
141,176,67,0.00628253,0.00991227,0.518929,0.0248537,0.0466233,0.0720163,0.0509589,0.244525,0.00701167,0.0188876
136,43,193,0.406479,0.448544,0.00524677,0.0172459,0.0754362,0.0183718,0.0112979,0.00382807,0.00583189,0.00771899
72,213,111,0.00153584,0.00522927,0.844284,0.113971,0.00360908,0.0117114,0.00458151,0.00578771,0.00444065,0.00485006
96,141,181,0.0194868,0.138161,0.0242137,0.713126,0.0195199,0.048434,0.00788741,0.00491661,0.0170989,0.00715563
160,21,138,0.190366,0.111963,0.00731984,0.0107535,0.583843,0.0193977,0.0445929,0.00905019,0.00425561,0.0184588
182,217,130,0.0039951,0.00277327,0.0228159,0.0109236,0.0102746,0.902654,0.0031171,0.0196846,0.0221347,0.00162707
221,105,253,0.836364,0.0156254,0.00346305,0.00956882,0.0270833,0.0623911,0.00322961,0.00375039,0.0365468,0.001978
222,19,160,0.620647,0.0203037,0.00328189,0.00453185,0.307015,0.0177014,0.0116297,0.00616361,0.00394972,0.00477608
253,241,121,0.0183853,0.00761745,0.0349252,0.0172956,0.0395996,0.659972,0.0112179,0.119838,0.0856577,0.00549122
168,250,203,0.00291166,0.00204277,0.00572478,0.0127779,0.00266838,0.0882106,0.000946281,0.00257873,0.881458,0.000680553
20,175,199,0.000876841,0.00796025,0.00391021,0.980351,0.000826019,0.00183303,0.000744529,0.000457669,0.00194455,0.00109626
47,27,92,0.0129204,0.237757,0.0176814,0.0225116,0.0350907,0.0078369,0.150309,0.00766609,0.00276577,0.50546
147,20,113,0.0785762,0.112366,0.0100498,0.0117914,0.602259,0.0175216,0.112297,0.0123832,0.0037996,0.0389567
208,49,136,0.0643209,0.00543932,0.00122401,0.00141182,0.910043,0.00736042,0.00494044,0.00262693,0.00104096,0.00159175
27,167,139,0.00214171,0.0227782,0.0502685,0.895238,0.00358818,0.00579826,0.00526753,0.00247631,0.00315634,0.00928683
65,129,252,0.045446,0.318816,0.0179785,0.494635,0.0178473,0.0359591,0.00846789,0.00515901,0.0461531,0.00953817
252,107,220,0.740111,0.0130831,0.0046944,0.00859917,0.0624172,0.122802,0.00504406,0.00750021,0.0331248,0.00262455
56,22,233,0.0276788,0.915294,0.00371523,0.0197732,0.0100519,0.00557239,0.00557653,0.00172133,0.00370465,0.00691234
64,225,62,7.44894e-05,0.000218464,0.995655,0.00151372,0.000217649,0.000447113,0.00047624,0.000700105,0.000164887,0.000532739
73,59,136,0.00753879,0.910916,0.00555692,0.0148646,0.0155358,0.00407523,0.0167509,0.00200577,0.00127366,0.0214821
26,98,199,0.0087012,0.778164,0.00897732,0.169015,0.00677446,0.00662625,0.00581661,0.00195081,0.00455168,0.00942277
247,146,18,0.00354071,0.001921,0.00778981,0.00202635,0.0362684,0.0150563,0.0159141,0.911796,0.00194976,0.00373747
125,151,39,0.0054801,0.0114434,0.361447,0.0179752,0.0501032,0.0267168,0.237051,0.225414,0.0039645,0.0604054
97,61,136,0.0225259,0.804673,0.00987344,0.0225222,0.0593224,0.0105658,0.0350112,0.00458451,0.00265847,0.0282635
91,168,54,0.00111877,0.0035746,0.918406,0.00994542,0.0058589,0.00560658,0.0227419,0.0152353,0.00114858,0.0163635
56,41,115,0.014785,0.636035,0.0158229,0.0283717,0.0351867,0.00837086,0.0816613,0.00608872,0.00286449,0.170813
196,232,185,0.00540111,0.00260605,0.00725091,0.010359,0.00578035,0.650173,0.00154024,0.00547467,0.310462,0.000951947
101,93,2,0.000272538,0.000753783,0.0029494,0.000532492,0.00223483,0.000496303,0.943638,0.00294171,0.000115112,0.0460657
168,71,151,0.179107,0.046989,0.00522462,0.00881961,0.699082,0.0310561,0.0140598,0.00600212,0.00399043,0.00566922
93,75,217,0.0262446,0.925401,0.00254014,0.0220959,0.00797417,0.00616198,0.0026642,0.00105635,0.00325982,0.00260169
245,235,106,0.0164652,0.0074813,0.0420228,0.0168936,0.0438115,0.604162,0.0130346,0.190663,0.059408,0.00605798
201,124,142,0.0628517,0.0116564,0.00888993,0.009326,0.437627,0.42827,0.00993809,0.0176037,0.010225,0.00361143
237,130,19,0.00520812,0.00293783,0.0103911,0.00276896,0.0716291,0.0183391,0.0313774,0.848831,0.00232564,0.00619124
27,76,200,0.00473776,0.940281,0.00323071,0.0354041,0.00343481,0.00265838,0.0029173,0.000853456,0.00172169,0.00476039
231,11,160,0.611183,0.0230651,0.00407162,0.00545253,0.301736,0.0209096,0.0145324,0.00798675,0.00501701,0.0060452
225,222,43,0.00290606,0.00195745,0.0222799,0.00390164,0.0138827,0.0395557,0.00766165,0.899883,0.00500672,0.0029655
102,125,78,0.01192,0.0519118,0.249948,0.0569343,0.0929763,0.0366074,0.30388,0.0490821,0.00593929,0.140801
46,233,226,0.00673309,0.0201472,0.027862,0.841258,0.00557978,0.0239085,0.00391846,0.00417049,0.0618666,0.00455565
160,163,41,0.00300773,0.00378068,0.0785945,0.00609876,0.0326363,0.0226814,0.0466934,0.793277,0.00240396,0.0108263
190,142,70,0.0118243,0.00833992,0.0388174,0.00954073,0.283606,0.101368,0.0544583,0.474893,0.00575561,0.0113974
146,71,175,0.398114,0.275727,0.00908752,0.026605,0.203298,0.04479,0.017034,0.00680973,0.0088887,0.00964589
144,64,15,0.000398664,0.000675278,0.00105059,0.000324247,0.00634551,0.000522522,0.980394,0.00287507,0.000101709,0.00731237
244,55,255,0.95099,0.00703524,0.00127067,0.00280033,0.0149624,0.0121965,0.00175579,0.00166615,0.00628124,0.00104137
62,57,54,0.000897678,0.00715662,0.00352099,0.00203268,0.00436551,0.000907694,0.105494,0.00150015,0.00026267,0.873862
20,127,205,0.00883941,0.242308,0.0149546,0.690499,0.0070703,0.00978095,0.00610541,0.00261362,0.00819961,0.00962937
62,43,197,0.000564751,0.997612,0.000118361,0.000672609,0.000321363,0.000151243,0.000191309,4.76183e-05,7.73171e-05,0.000243106
24,138,199,0.00458938,0.0994095,0.0103754,0.859999,0.00397519,0.00615161,0.00346473,0.00158537,0.00509469,0.00535537
117,38,101,0.0396067,0.197117,0.0176243,0.0190669,0.300362,0.0176475,0.278999,0.0147829,0.00390562,0.110888
241,46,245,0.970841,0.00437365,0.000725349,0.00154351,0.010324,0.00650944,0.00110807,0.000979471,0.00295423,0.000641089
93,150,44,0.00363995,0.0119459,0.610161,0.0216644,0.0229573,0.0141529,0.164815,0.0511917,0.00283515,0.0966365
179,117,106,0.0144301,0.00840606,0.0104795,0.00615457,0.843058,0.0650829,0.0199344,0.0243406,0.00311431,0.00499997
87,167,32,0.00177565,0.0053231,0.82451,0.0120019,0.00944756,0.00752251,0.0592854,0.0342419,0.00172144,0.0441704
95,126,128,0.0261384,0.234198,0.132991,0.298714,0.0869492,0.0689896,0.06506,0.0215803,0.012969,0.0524106
42,151,23,0.00342774,0.0151981,0.41106,0.0280587,0.0135194,0.00915776,0.12745,0.0259413,0.00297048,0.363216
67,73,28,0.000132165,0.000681977,0.000989266,0.000328773,0.000754121,0.000175896,0.0670261,0.000450097,4.85902e-05,0.929413
161,235,78,0.00749099,0.00825632,0.423682,0.0335481,0.0272236,0.184176,0.0195925,0.26096,0.0247037,0.0103675
229,27,215,0.984032,0.00238584,0.000319134,0.00061118,0.00808618,0.00231508,0.000656633,0.000462491,0.000781251,0.000350431
86,35,192,0.00433144,0.987937,0.000450953,0.00197397,0.00213765,0.000744577,0.000921867,0.000224151,0.000323493,0.000955181
9,93,12,0.000543539,0.00317539,0.00777091,0.00255205,0.00182354,0.000813511,0.0256124,0.00180301,0.000310476,0.955595
230,138,225,0.364055,0.0179527,0.00780627,0.0172474,0.0562053,0.400714,0.00582969,0.00976239,0.117171,0.00325596
229,137,78,0.0202847,0.00756522,0.0195911,0.00750362,0.420112,0.146244,0.0315595,0.331474,0.00794631,0.0077198
245,78,110,0.0294302,0.00381706,0.00253519,0.00192791,0.917078,0.0209524,0.00810848,0.0118152,0.00212175,0.0022134
113,121,252,0.182882,0.303498,0.018899,0.237262,0.0382144,0.0913463,0.0109464,0.00783185,0.0993503,0.00977005
27,224,196,0.00220094,0.00937866,0.0189947,0.941773,0.00227239,0.00760832,0.0020155,0.00185241,0.011265,0.00263917
123,218,11,0.00254233,0.00429187,0.669937,0.0118002,0.0116671,0.0169498,0.0295686,0.232599,0.00397327,0.016671
105,72,17,4.48338e-06,1.32755e-05,2.41919e-05,6.66072e-06,4.20978e-05,6.31701e-06,0.999149,2.58226e-05,1.43229e-06,0.000726469
227,232,195,0.00975288,0.00328465,0.00689073,0.00911066,0.00885425,0.543716,0.00207629,0.00774593,0.407336,0.00123241
32,22,34,0.00119408,0.00808364,0.00332866,0.00225763,0.00399039,0.00099045,0.0542625,0.00168406,0.000360305,0.923848
39,127,125,0.0100517,0.216656,0.113441,0.481245,0.0212422,0.018448,0.039749,0.00967885,0.00714554,0.0823431
235,25,201,0.959721,0.00461109,0.000705533,0.00121206,0.0236622,0.00503467,0.00161307,0.00113644,0.00149884,0.000804709
167,233,137,0.00756578,0.00650373,0.0690205,0.0369209,0.015845,0.749172,0.00620122,0.0311511,0.0739105,0.00370961
253,146,201,0.185397,0.0122628,0.00829743,0.0126551,0.0718021,0.603066,0.00649635,0.0148286,0.0819407,0.00325444
97,23,76,0.0161811,0.0928702,0.0137845,0.0120142,0.0928052,0.00881672,0.475958,0.0109412,0.00233657,0.274292
105,22,41,0.00385349,0.0129247,0.00516511,0.00303032,0.0285465,0.00273012,0.767401,0.00555473,0.000707649,0.170087
164,217,191,0.00752692,0.00513526,0.0118811,0.0313256,0.00735944,0.56583,0.00210705,0.00521247,0.362202,0.00142011
143,128,95,0.0242464,0.041342,0.111268,0.0420304,0.390711,0.123794,0.133497,0.086179,0.00957748,0.0373547
59,225,147,0.00270343,0.00960105,0.139987,0.7991,0.00429295,0.0176217,0.00422614,0.00498091,0.0126265,0.00486019
42,43,167,0.00147177,0.987489,0.000786754,0.00344066,0.00149029,0.000615139,0.00152974,0.000270242,0.000288374,0.00261784
245,216,140,0.00981654,0.00323751,0.0105415,0.00684306,0.019402,0.873978,0.00387644,0.0297457,0.0407127,0.0018469
49,215,130,0.002722,0.0116641,0.30081,0.636142,0.00496671,0.0149557,0.0061672,0.00606792,0.00864945,0.0078552
49,243,46,0.000870707,0.0024227,0.953149,0.0141662,0.00233935,0.00447423,0.00551674,0.00826109,0.00200081,0.00679963
238,125,69,0.0208378,0.00739252,0.0162781,0.00643973,0.495865,0.0902574,0.0367282,0.311219,0.00665837,0.00832362
91,22,158,0.0186763,0.922157,0.00292543,0.00776244,0.0200562,0.00385072,0.0109396,0.00167832,0.00134292,0.0106114
91,238,73,0.0002361,0.000526107,0.987,0.00397213,0.00068777,0.00214716,0.00103753,0.00279153,0.000700408,0.000901272
204,59,236,0.998083,0.000407898,4.28918e-05,0.000114721,0.000628456,0.000411882,6.1315e-05,4.70257e-05,0.00016574,3.67422e-05
227,238,31,0.00382705,0.00274404,0.0337662,0.00568027,0.015966,0.0431485,0.0106081,0.872466,0.00733997,0.00445389
163,71,22,0.0029781,0.0038088,0.00627932,0.0019491,0.0710351,0.00424112,0.859459,0.0272533,0.000718033,0.0222785
25,116,222,0.0156362,0.44486,0.0150855,0.466916,0.0100481,0.0134198,0.00750427,0.0032769,0.0122085,0.0110444
235,205,1,0.000797481,0.000569639,0.00515185,0.000890464,0.00442089,0.0053084,0.0035613,0.977178,0.000906973,0.00121506
102,1,178,0.0755123,0.812906,0.00520525,0.01401,0.0430621,0.00880103,0.0176258,0.00352952,0.00347673,0.0158716
210,205,70,0.0058713,0.00381364,0.0421845,0.00802607,0.0325252,0.151183,0.0125486,0.72936,0.00984313,0.00464433
142,187,78,0.00634639,0.00951161,0.586814,0.0305182,0.0378291,0.103986,0.0317152,0.170238,0.00926461,0.0137778
119,217,86,0.00128976,0.002387,0.927803,0.0153871,0.00454048,0.0195374,0.00474859,0.017705,0.00347962,0.00312213
135,9,31,0.00842567,0.0159287,0.00743456,0.00422133,0.0772564,0.00537103,0.767698,0.0127116,0.00133102,0.0996218
16,155,216,0.0046276,0.0553282,0.0105284,0.902369,0.0036217,0.00680936,0.00302601,0.00165955,0.00753025,0.00450023
251,84,66,0.0258167,0.00730702,0.0086591,0.00442773,0.781776,0.036102,0.0378214,0.0857874,0.00424473,0.00805746
130,246,159,0.0119563,0.0156017,0.154268,0.207189,0.017994,0.330302,0.00939257,0.0257803,0.220324,0.00719129
5,164,153,0.00293685,0.0357928,0.0365293,0.890005,0.0040904,0.00624535,0.00590534,0.00266212,0.00429299,0.0115399
120,56,149,0.0737282,0.661984,0.00973909,0.0228765,0.149932,0.0189604,0.0324083,0.00617121,0.00429501,0.0199055
165,124,10,0.00410556,0.00514984,0.0338897,0.00490821,0.0612042,0.0131099,0.322741,0.523933,0.00194509,0.0290138
0,37,20,0.00110833,0.00731061,0.00492191,0.00304367,0.0031975,0.0010954,0.0348296,0.00193658,0.000447185,0.942109
50,20,217,0.0137501,0.950123,0.00241071,0.0119666,0.00632748,0.00313441,0.00400209,0.0010776,0.00191543,0.00529289
6,255,185,0.00746129,0.0266984,0.0950332,0.766777,0.00846144,0.0261085,0.00879004,0.00888803,0.0397637,0.0120181
179,240,163,0.00654215,0.00443966,0.0231862,0.0233466,0.00955178,0.736622,0.00318763,0.0131728,0.177958,0.00199377
96,96,55,0.0027308,0.0124583,0.0253098,0.00708858,0.0243732,0.00487708,0.724551,0.0108726,0.000977666,0.186761
53,77,210,0.00321805,0.975215,0.00114509,0.0135541,0.00176791,0.00141528,0.0010599,0.000351061,0.000880215,0.0013936
211,173,243,0.0755706,0.0117667,0.00670447,0.0193507,0.0196511,0.319649,0.00332463,0.00597599,0.535891,0.00211629
161,230,162,0.00739256,0.00623489,0.0356335,0.0432621,0.0111754,0.72819,0.00395544,0.013436,0.148148,0.00257141
109,253,55,0.00132578,0.00234713,0.92373,0.0125282,0.00408283,0.012807,0.00598531,0.0286282,0.00402011,0.00454546
183,183,243,0.027932,0.00818818,0.00479566,0.0195656,0.00903196,0.16878,0.00187977,0.00311631,0.755414,0.00129663
38,171,93,0.00367404,0.0251288,0.67085,0.192615,0.00962709,0.0124136,0.024482,0.010521,0.00475301,0.0459362
2,114,33,0.00222614,0.0153698,0.0504215,0.0168328,0.00674218,0.00376355,0.0603376,0.00680498,0.00150942,0.835992
233,56,196,0.975843,0.00188716,0.000360275,0.000621611,0.0147177,0.00404804,0.000684352,0.000598748,0.000914056,0.0003247
75,125,36,0.00301777,0.0131541,0.143972,0.0151556,0.017813,0.00749772,0.357578,0.0232176,0.00180608,0.416789
137,215,98,0.00580522,0.00848255,0.653722,0.0496185,0.0203797,0.151017,0.014437,0.0702721,0.0178321,0.0084333
62,195,252,0.0143268,0.0436916,0.0191011,0.776779,0.00826719,0.0324376,0.00454337,0.00415512,0.091681,0.00501766
212,79,225,0.992478,0.00100511,0.000153531,0.000381443,0.00253067,0.00226207,0.000196612,0.00018185,0.000700224,0.000110188
90,106,64,0.00560922,0.0300633,0.0758441,0.0207028,0.0422678,0.0113757,0.513899,0.0204686,0.00229862,0.277471
222,178,112,0.00978451,0.00362854,0.0131042,0.00607387,0.0506925,0.828883,0.0065937,0.0672506,0.0115439,0.00244542
230,127,1,0.00407381,0.00269306,0.0104287,0.00251364,0.049996,0.0126863,0.039081,0.86943,0.00188111,0.00721635
245,42,94,0.0395395,0.00698608,0.00361021,0.0027279,0.889254,0.0154172,0.0198078,0.0152408,0.00239886,0.0050174
60,135,144,0.00741028,0.142804,0.0524669,0.722423,0.0136326,0.0160784,0.0145054,0.00512319,0.00576187,0.0197939
180,223,183,0.0048973,0.00277931,0.00777508,0.0132868,0.00539852,0.746777,0.00145942,0.00454982,0.212155,0.00092183
253,199,17,0.00224552,0.00132876,0.00888258,0.00196149,0.0124102,0.0158901,0.00691207,0.945626,0.00242013,0.0023236
159,61,235,0.909873,0.0440342,0.0017212,0.00681997,0.0162915,0.0110127,0.00228477,0.0013293,0.005043,0.00159021
84,95,6,0.000579329,0.00196406,0.00788531,0.00142925,0.00395328,0.00103911,0.696539,0.00478301,0.000261482,0.281566
182,240,245,9.51031e-08,4.8275e-08,6.40172e-08,1.975e-07,5.40963e-08,1.05874e-06,1.67797e-08,3.6464e-08,0.999998,1.23509e-08
18,192,201,0.00111243,0.00751239,0.00606909,0.975235,0.00106307,0.0026934,0.000961488,0.000673855,0.00330221,0.00137656
34,193,132,0.00210641,0.0135049,0.126453,0.824539,0.00374586,0.00809917,0.00530821,0.00355695,0.00457334,0.00811286
158,153,88,0.0176401,0.0205892,0.15985,0.0340617,0.215263,0.228593,0.07466,0.214982,0.0121027,0.0222591
191,24,197,0.967161,0.00749734,0.000519395,0.00109313,0.0174043,0.00284627,0.00130372,0.000632625,0.00083862,0.000703077
67,236,216,0.00679477,0.0169557,0.0317087,0.800669,0.00593648,0.0334367,0.00380338,0.00466017,0.0919665,0.00406885
32,58,45,0.000152821,0.00131597,0.000812368,0.000478262,0.000550773,0.000162809,0.0087579,0.000269342,5.61964e-05,0.987444
155,50,84,0.0149091,0.0193944,0.00617718,0.00440515,0.769363,0.00886286,0.144011,0.0105411,0.00141802,0.0209183
121,158,0,0.00416553,0.00811122,0.254486,0.0122445,0.0300213,0.0163844,0.26019,0.333601,0.00329693,0.0774989
149,39,245,0.807772,0.116045,0.00325284,0.0126345,0.0265024,0.0147963,0.00486592,0.00245725,0.00800052,0.00367265
229,102,178,0.572332,0.0132309,0.00497571,0.00751835,0.204177,0.16427,0.00660426,0.00929253,0.0147347,0.00286471
141,188,117,0.0122097,0.0173095,0.278039,0.0866065,0.0459076,0.444702,0.0202967,0.0580374,0.0259741,0.0109178
80,132,145,0.0145703,0.210186,0.0672629,0.579361,0.0295581,0.0347468,0.0225517,0.00868375,0.00948226,0.0235973
167,3,253,0.840124,0.0774399,0.00349395,0.0102046,0.0326918,0.0139343,0.00644386,0.00317153,0.00776382,0.0047327
190,145,125,0.0203394,0.00839745,0.015052,0.0104768,0.185521,0.705974,0.010806,0.030307,0.00933195,0.0037952
125,80,253,0.413327,0.367511,0.00988803,0.0677979,0.0393029,0.0458299,0.0092972,0.00541059,0.0337688,0.00786669
112,103,188,0.0781696,0.65433,0.0142204,0.117917,0.0478055,0.0471975,0.0116667,0.00542258,0.0139789,0.00929216
233,220,147,0.00583396,0.00209945,0.0071657,0.00504749,0.0105601,0.915555,0.00223303,0.0150888,0.0353027,0.00111388
19,239,35,0.0028416,0.00902669,0.848274,0.0442438,0.00712371,0.011107,0.0199443,0.0203864,0.00563458,0.0314179
118,105,244,0.248385,0.391958,0.0147983,0.147339,0.0414264,0.0728166,0.0105175,0.00675235,0.0569443,0.00906249
179,130,87,0.0166197,0.0122581,0.0339768,0.0118882,0.604634,0.116799,0.0557923,0.12996,0.00591874,0.0121536
152,69,253,0.797674,0.0989663,0.00419366,0.0198126,0.0263745,0.0257411,0.00466931,0.00292531,0.01613,0.00351318
252,138,158,0.100223,0.00937726,0.00873037,0.0089241,0.158512,0.648892,0.00850499,0.0254863,0.0278703,0.00347935
81,99,138,0.017993,0.680247,0.0321775,0.119604,0.0426732,0.0206491,0.0358776,0.00733744,0.00540021,0.0380406
87,226,138,0.00515931,0.0134343,0.379661,0.479222,0.00949319,0.0568076,0.00795547,0.013009,0.0277477,0.00751082
226,95,242,0.919933,0.00793619,0.00170136,0.00424005,0.0179351,0.0302563,0.00179955,0.00202878,0.0131204,0.00104905
126,209,78,0.00164449,0.00287667,0.901179,0.0142582,0.00683173,0.0245024,0.00738454,0.0334092,0.00361143,0.00430196
17,174,106,0.00527005,0.0420314,0.386826,0.442611,0.0110928,0.0151649,0.0249403,0.0108476,0.00744474,0.0537709
53,254,54,0.00112826,0.00294701,0.941423,0.0195051,0.00286428,0.00633361,0.00583214,0.0101382,0.00302027,0.00680804
118,31,40,0.00238789,0.0065427,0.003248,0.00172037,0.0238919,0.00183345,0.887205,0.00418016,0.000431407,0.0685593
99,163,216,0.0207337,0.0627601,0.0169006,0.759927,0.0122128,0.0582202,0.00465006,0.0040362,0.0562525,0.00430705
209,22,78,0.028001,0.0108608,0.00433205,0.00316666,0.865499,0.0102974,0.0516594,0.0138367,0.00186173,0.0104857
69,126,226,0.0269787,0.350065,0.0136587,0.53318,0.0132144,0.0244702,0.00631087,0.00347969,0.0215527,0.00708991
89,168,201,0.00495529,0.0207963,0.00835583,0.926174,0.00392571,0.0173694,0.00179008,0.00149851,0.0133924,0.00174286
219,189,107,0.00908674,0.00393399,0.0188554,0.00748802,0.0433387,0.792838,0.00756752,0.0998003,0.0141847,0.00290636
204,160,196,0.0252122,0.00389411,0.00279849,0.00594003,0.0134504,0.909014,0.00145389,0.00295676,0.0344938,0.000786854
80,86,154,0.00659915,0.929808,0.0051183,0.0263285,0.0104003,0.00475666,0.0067435,0.00145902,0.0014513,0.00733545
96,245,26,0.00120639,0.00235758,0.922408,0.00957069,0.00406815,0.00815558,0.00879391,0.0336671,0.00265353,0.00711935
44,115,221,0.0166437,0.512729,0.0119482,0.406892,0.00974638,0.0135325,0.00614169,0.0027778,0.0114384,0.00815043
56,37,146,0.00460686,0.955036,0.00252552,0.00741279,0.00654282,0.00190031,0.00771829,0.000986163,0.0007406,0.0125311
148,218,218,0.00595053,0.00478142,0.00677864,0.0360868,0.00412566,0.103483,0.00133252,0.00248459,0.833964,0.00101316
177,211,226,0.00285129,0.00131311,0.00148403,0.00521633,0.00159894,0.0580338,0.00040531,0.000835492,0.92798,0.000282018
53,102,27,0.000452245,0.00243646,0.00904824,0.00194819,0.00219791,0.000797756,0.0679261,0.00210009,0.000232748,0.91286
172,154,76,0.0129111,0.0121576,0.0964491,0.0181201,0.19223,0.159129,0.0637025,0.42054,0.00858521,0.0161755
154,191,248,0.0176186,0.0099656,0.00565735,0.0376593,0.00670903,0.0888858,0.00180932,0.00263488,0.827669,0.00139072
7,58,170,0.00765858,0.887245,0.00830828,0.0451793,0.007901,0.0046085,0.010552,0.00218274,0.0026361,0.023729
180,61,100,0.00111463,0.000580276,0.000206718,0.000162904,0.994651,0.000600274,0.00179066,0.000468277,7.38726e-05,0.00035168
91,176,176,0.00253732,0.010314,0.0117441,0.945912,0.003046,0.0149256,0.00158635,0.00144229,0.00699852,0.00149358
71,245,244,0.0141464,0.0283196,0.0374278,0.544505,0.010272,0.0572888,0.00606004,0.00762741,0.28801,0.00634272
100,17,225,0.112387,0.807427,0.00439333,0.0182991,0.0238303,0.00979655,0.00817674,0.0026337,0.00524916,0.00780665
196,185,139,0.000372961,0.000165256,0.000541876,0.000394127,0.00107728,0.995576,0.000164861,0.000791708,0.000841072,7.50589e-05
110,162,139,0.0181563,0.0603611,0.175763,0.454348,0.0466402,0.160102,0.0233601,0.0210866,0.0232936,0.0168886
38,220,205,0.00199287,0.00796773,0.0126939,0.951935,0.0018986,0.00704905,0.00150198,0.00142268,0.0116755,0.00186312
63,11,12,0.00236744,0.00977156,0.00536654,0.00297316,0.0102012,0.00192198,0.24508,0.00425487,0.00063185,0.717431
114,72,238,0.231287,0.614392,0.0075067,0.0527194,0.0310068,0.0276143,0.00788686,0.00386389,0.0168158,0.00690771
83,118,255,0.0850323,0.41832,0.0176953,0.322668,0.0251515,0.0482895,0.00984584,0.00605931,0.0567506,0.0101878
98,150,40,0.00385399,0.0116123,0.560893,0.0201463,0.0258657,0.0152726,0.196148,0.0669687,0.00295566,0.0962842
88,241,247,0.0143913,0.0240991,0.0294684,0.375388,0.00974737,0.0647637,0.00512403,0.0068543,0.465104,0.00506058
101,138,242,0.0833884,0.227593,0.0206415,0.438745,0.0273733,0.0816694,0.00921156,0.00684791,0.0958962,0.0086342
221,183,220,0.0364849,0.00622654,0.00528279,0.0113259,0.015554,0.606078,0.00243533,0.00557821,0.309596,0.00143787
130,229,64,0.00184077,0.00289264,0.871514,0.0133932,0.00699967,0.0249813,0.00835139,0.0602366,0.00475645,0.0050342
254,138,122,0.0596147,0.00983572,0.0138395,0.00944858,0.332631,0.456288,0.0162706,0.0771056,0.0194245,0.00554177
10,144,175,0.0036895,0.0723061,0.0178134,0.876065,0.00416486,0.00586159,0.00488007,0.00202119,0.00427243,0.0089258
139,187,18,0.00265497,0.0041612,0.287904,0.008676,0.0174368,0.0174282,0.0481813,0.593044,0.00295718,0.0175558
63,241,149,0.00454473,0.0133457,0.215973,0.674857,0.00698417,0.0331367,0.00657236,0.00919561,0.0281565,0.00723446
151,113,130,0.0551546,0.0631943,0.0310351,0.0369477,0.572383,0.149577,0.0411009,0.0245935,0.0103875,0.0156268
106,73,63,0.00326726,0.0143847,0.010171,0.00469924,0.036264,0.00392842,0.807705,0.00704764,0.00077967,0.111753
49,249,131,0.00482035,0.0148595,0.444874,0.439838,0.00814417,0.0301776,0.00948483,0.0129119,0.023588,0.0113017
99,246,44,0.000730879,0.00142324,0.956461,0.00696607,0.00236243,0.00584098,0.00426427,0.0166807,0.00185602,0.00341395
185,28,117,0.0436645,0.0141952,0.0024324,0.00258941,0.899719,0.00733993,0.0187899,0.00456674,0.00130211,0.00540117
4,108,218,0.0167032,0.506246,0.0195238,0.386872,0.0118739,0.0138271,0.0106465,0.00418836,0.0123508,0.0177683
33,89,90,0.00746771,0.142466,0.0534299,0.0584048,0.0216051,0.00930196,0.106128,0.00894603,0.00326287,0.588988
237,90,104,0.0155363,0.00264185,0.00217597,0.00148724,0.937811,0.0189083,0.00658256,0.0116216,0.00155435,0.00168036
102,45,163,0.0158796,0.942679,0.0020869,0.00652434,0.0163983,0.00340805,0.00590564,0.00112956,0.00104449,0.00494431
233,122,178,0.287867,0.013302,0.00711798,0.0102225,0.16516,0.464232,0.00737583,0.0136926,0.0277648,0.00326586
118,192,22,0.00206106,0.00395713,0.744848,0.00978461,0.0114484,0.0127572,0.037662,0.156406,0.00253677,0.0185388
182,55,113,0.00322061,0.00122293,0.000305645,0.000290938,0.990564,0.00107032,0.00206938,0.000608807,0.000139998,0.000507399
81,218,8,0.00136295,0.00314125,0.899817,0.00977015,0.00517777,0.00675849,0.0183189,0.0370875,0.00211696,0.016449
236,25,220,0.97468,0.00373901,0.0005413,0.00102396,0.0122322,0.00391145,0.00108386,0.000797427,0.00140564,0.000585129
1,227,191,0.00440219,0.020773,0.0428496,0.880685,0.00473716,0.0127604,0.00493707,0.00410231,0.0175457,0.00720802
94,67,53,0.00147905,0.00731791,0.00542743,0.00241113,0.0125547,0.00170127,0.790511,0.0034092,0.000385298,0.174803
171,76,0,0.00419972,0.00497295,0.0111131,0.00298874,0.0701836,0.00671708,0.792422,0.0724617,0.00122741,0.0337141
144,101,2,0.0014314,0.00235457,0.0102246,0.00178522,0.0188318,0.00311833,0.891937,0.0424187,0.000568944,0.0273295
144,101,138,0.080389,0.121062,0.0260756,0.0423694,0.537428,0.103545,0.0424886,0.0183277,0.0101992,0.0181156
183,104,86,0.00513618,0.00327368,0.00431414,0.00200847,0.932866,0.0135761,0.0183411,0.016345,0.000979655,0.00316003
156,213,178,0.00805396,0.00661279,0.0199053,0.047459,0.00966963,0.728624,0.00292658,0.00729232,0.167503,0.00195346
67,162,189,0.0003719,0.00307682,0.0011253,0.992727,0.000360341,0.00101779,0.000223719,0.000148507,0.000693869,0.000254792
238,175,25,0.000739634,0.000440024,0.00275334,0.00058653,0.00589577,0.0050978,0.00290294,0.980171,0.00060634,0.00080698
252,152,209,0.169327,0.0124029,0.00843209,0.0136949,0.0592021,0.601773,0.00611786,0.0138421,0.112022,0.00318629
221,203,3,0.000267099,0.000207554,0.00228563,0.000336299,0.00158018,0.00187755,0.00142954,0.991235,0.00030538,0.000475537
191,88,248,0.938983,0.0121587,0.00142236,0.00491446,0.0120382,0.0175558,0.00146535,0.00128612,0.00922948,0.000946248
225,156,201,0.0679273,0.00669572,0.00463908,0.00851246,0.0288929,0.810401,0.00287015,0.00622357,0.0623289,0.00150849
37,164,21,0.00336036,0.0140652,0.58061,0.0310248,0.0122866,0.00963733,0.091135,0.0269172,0.003322,0.227641
253,233,223,0.019609,0.00517454,0.00763202,0.011335,0.0127949,0.264231,0.00298635,0.00943428,0.664976,0.00182662
247,218,214,0.0220427,0.00518468,0.00728904,0.0108843,0.0144976,0.436203,0.00295739,0.00939228,0.489806,0.00174255
92,18,115,0.0396672,0.509279,0.0152381,0.0227956,0.114776,0.0136631,0.143645,0.0100054,0.00404467,0.126886
141,231,23,0.00319926,0.00455234,0.513539,0.0135964,0.013967,0.0282024,0.0234878,0.380881,0.00608002,0.0124944
162,195,233,0.0125457,0.00650907,0.00488122,0.0260128,0.00574325,0.12652,0.00144626,0.00238824,0.8129,0.00105323
97,80,188,0.0108661,0.958417,0.00177716,0.0127208,0.00641939,0.00373028,0.00209989,0.000696821,0.00134966,0.00192325
66,246,194,0.00591733,0.0149211,0.0548968,0.795102,0.0062789,0.0361533,0.0045027,0.00604939,0.0713518,0.00482694
207,122,98,0.014761,0.00532424,0.00856467,0.00435157,0.81243,0.0833929,0.0161024,0.0476088,0.00356496,0.00390005
129,240,59,0.00212689,0.00328415,0.853348,0.0152856,0.00752673,0.02668,0.00933534,0.0705183,0.0059887,0.00590603
157,159,153,0.0170995,0.0137431,0.0197956,0.0341442,0.0403775,0.836121,0.00634914,0.0104963,0.0185579,0.0033158
104,194,95,0.00122752,0.00318582,0.933977,0.0237017,0.00445564,0.0133594,0.00516801,0.00879845,0.00238391,0.00374221
93,243,180,0.00843923,0.0168325,0.0948722,0.625403,0.0100912,0.0887098,0.00632856,0.0106563,0.132719,0.00594828
19,35,21,0.000471275,0.00298785,0.00192245,0.00112024,0.0015402,0.000454848,0.0227154,0.000851087,0.000171664,0.967765
56,239,91,0.000996982,0.00302032,0.931851,0.0391089,0.00228411,0.0063883,0.00364167,0.00530395,0.00313498,0.00426952
214,139,126,0.0300149,0.00718691,0.0103597,0.00743272,0.281624,0.605505,0.0100983,0.034402,0.00998296,0.00339348
215,52,183,0.960406,0.00283824,0.000429445,0.000741576,0.0286529,0.00406783,0.000955726,0.000677241,0.000797635,0.000433862
72,127,42,0.00349282,0.0164741,0.18716,0.0201097,0.0195555,0.00881556,0.30271,0.023684,0.00215084,0.415848
205,143,192,0.0873468,0.00887768,0.00481477,0.00993106,0.0398091,0.804531,0.00318076,0.00560694,0.0342646,0.00163709
12,183,165,0.00106863,0.00935962,0.0136435,0.964245,0.00136541,0.00273077,0.00165265,0.000963252,0.00222012,0.00275137
152,101,143,0.0963658,0.0901676,0.0195446,0.0327933,0.579222,0.112618,0.0306674,0.0157304,0.00998537,0.0129056
186,132,238,0.447733,0.0405417,0.00952658,0.0375187,0.046563,0.256648,0.00630753,0.00749599,0.143597,0.00406815
50,79,195,0.00130774,0.98678,0.000665999,0.00756583,0.000921817,0.000677209,0.000632958,0.000186401,0.000376341,0.000885852
160,154,61,0.00852312,0.0103876,0.134495,0.0157758,0.115267,0.0731899,0.090883,0.524676,0.00587774,0.0209244
233,75,98,0.00823351,0.00154999,0.001081,0.000743913,0.970185,0.00658242,0.00450932,0.00538218,0.000670792,0.00106155
109,63,106,0.0332876,0.26349,0.0269049,0.0304055,0.245988,0.0226584,0.242652,0.0161593,0.00457256,0.113882
54,102,52,0.00155158,0.0114455,0.027494,0.0083458,0.00719638,0.00266118,0.118398,0.00486065,0.000755626,0.817291
69,77,116,0.0156992,0.58459,0.0321902,0.0592653,0.0481711,0.0141178,0.0932942,0.00881195,0.00399631,0.139864
61,6,142,0.020092,0.837553,0.00718208,0.0162086,0.0272054,0.00618156,0.0321055,0.00371118,0.00246112,0.0472991
140,118,223,0.333144,0.202371,0.0166758,0.12571,0.0618212,0.15936,0.011021,0.00852099,0.0732678,0.00810797
182,109,108,0.00864192,0.00435401,0.00414746,0.0027041,0.930253,0.0263792,0.00977209,0.00993051,0.00141923,0.00239845
138,160,153,0.0287704,0.0414765,0.0616556,0.153544,0.0629075,0.573107,0.0149711,0.0191546,0.0355163,0.00889692
93,4,9,0.00440336,0.0130056,0.00724557,0.00387331,0.0236101,0.0033198,0.603601,0.00821491,0.000997797,0.331728
170,188,208,0.0173046,0.00796001,0.00759351,0.0288464,0.010595,0.61618,0.00221455,0.00414833,0.303699,0.0014586
71,148,98,0.00770428,0.0547888,0.526792,0.197084,0.0275564,0.0270245,0.0600511,0.0197932,0.00667574,0.07253
159,31,216,0.892744,0.0575933,0.00167761,0.00505709,0.0253047,0.00767342,0.00334027,0.00147209,0.00292255,0.00221503
48,139,116,0.00896347,0.121778,0.20737,0.477655,0.0220584,0.0214975,0.0432395,0.0121001,0.00741892,0.0779192
25,237,39,0.00215892,0.00685431,0.882609,0.035441,0.00551142,0.00884094,0.0151485,0.0160111,0.00434358,0.0230813
183,169,164,0.000938684,0.000365435,0.000527868,0.000811354,0.00152871,0.993439,0.000191826,0.000465563,0.00163453,9.73615e-05
195,161,143,0.00240734,0.000831777,0.00150133,0.00137958,0.00822342,0.980168,0.000725311,0.00231077,0.00214546,0.000307018
95,66,67,0.00451886,0.026728,0.0126536,0.00706414,0.0375818,0.00473487,0.663134,0.00732556,0.00105034,0.235208
72,34,194,0.00169434,0.994197,0.000256878,0.00121475,0.00091856,0.000361609,0.000491471,0.000116654,0.000172188,0.000576148
251,110,40,0.0204354,0.00833009,0.0177431,0.00655748,0.364583,0.0523858,0.0627473,0.448117,0.00622769,0.0128726
98,231,98,0.00104911,0.00231809,0.938499,0.0255408,0.00279257,0.0125511,0.00311143,0.00773603,0.00380488,0.00259656
245,221,98,0.0159627,0.0070249,0.0385752,0.014374,0.0513849,0.555389,0.013963,0.256602,0.0407194,0.00600536
182,108,124,0.0192281,0.00736096,0.00477426,0.00424167,0.892669,0.0489853,0.00894578,0.00870983,0.00241182,0.00267352
153,44,35,0.00397055,0.00585167,0.00459869,0.00204222,0.0829191,0.00356969,0.854615,0.0114657,0.00068706,0.0302803
19,111,141,0.010578,0.423034,0.0525933,0.370887,0.0167901,0.0135085,0.0289092,0.00668874,0.00657018,0.0704408
3,111,107,0.0112864,0.220043,0.112717,0.226815,0.0230189,0.0160236,0.0707175,0.0124696,0.00739913,0.299511
81,46,147,0.00583744,0.95854,0.00212231,0.00603158,0.00924854,0.0021208,0.00688911,0.000939436,0.000685945,0.00758492
66,14,251,0.0761821,0.814173,0.00698533,0.0347125,0.0210983,0.0122642,0.0103214,0.00358151,0.00880778,0.0118735
238,136,70,0.0196425,0.00724772,0.01892,0.00705415,0.353294,0.116401,0.0333872,0.428186,0.00778274,0.00808527
31,28,145,0.00911442,0.884499,0.00672027,0.0192862,0.0120294,0.00417297,0.0186609,0.00244666,0.001886,0.0411841
243,101,221,0.838444,0.00969999,0.00296229,0.0057968,0.0426538,0.0716403,0.00329559,0.00443782,0.0193368,0.00173255
191,14,193,0.925877,0.0169581,0.00116963,0.00233755,0.0398339,0.00564605,0.00326014,0.00146112,0.00170608,0.00175064
87,147,34,0.00360759,0.0121135,0.496096,0.02009,0.0218903,0.012437,0.226424,0.0516883,0.00272995,0.152923
94,65,193,0.00454415,0.986174,0.000536814,0.00330172,0.00221614,0.00107202,0.000765478,0.000232009,0.000428195,0.000729612
175,246,209,0.00166857,0.00103869,0.00245987,0.00566644,0.00140595,0.0499368,0.000463848,0.00124466,0.935787,0.000328515
241,246,111,0.0163808,0.00790381,0.0472981,0.0195907,0.0391153,0.611203,0.0126928,0.161612,0.0779643,0.00623852
111,153,103,0.013988,0.0460994,0.471102,0.135498,0.0730961,0.0945318,0.0673639,0.0475005,0.0118646,0.0389559
202,135,193,0.172192,0.0143517,0.00636243,0.01386,0.0635041,0.676999,0.00462317,0.00724299,0.0384865,0.00237799
131,49,31,0.00047082,0.00101233,0.000880647,0.000359023,0.00673081,0.000471666,0.97742,0.00151851,9.80746e-05,0.0110385
18,189,10,0.00411013,0.0153755,0.659927,0.0411606,0.0126207,0.0121481,0.0663384,0.0320672,0.00501974,0.151232
230,91,60,0.0141309,0.00540215,0.00765502,0.0033731,0.805352,0.0253135,0.040673,0.0883543,0.00266806,0.00707771
252,3,220,0.896578,0.0149905,0.00246519,0.00423307,0.0492438,0.0145137,0.00542589,0.00390011,0.00570615,0.00294322
221,137,143,0.0420297,0.00651891,0.00687161,0.00641139,0.177121,0.722309,0.0064792,0.0182433,0.011589,0.00242679
202,78,212,0.994103,0.000822546,0.000109881,0.000272155,0.00236338,0.00158456,0.000150585,0.000127462,0.000385146,8.15838e-05
32,21,36,0.00136492,0.00944343,0.00367766,0.00255665,0.00451348,0.00111452,0.0586881,0.00185798,0.000406309,0.916377
118,31,255,0.385234,0.472093,0.00740136,0.034356,0.038018,0.0230995,0.0105599,0.00467194,0.0151838,0.00938322
149,209,37,0.00286879,0.00390293,0.364679,0.0106372,0.0156215,0.0298312,0.0227804,0.535228,0.00456121,0.00989037
252,63,103,0.0405394,0.0056364,0.00346982,0.00261229,0.890096,0.0214312,0.0134883,0.0163616,0.00274307,0.00362184
233,175,7,0.000297954,0.000200839,0.00139934,0.000264843,0.00228813,0.00170332,0.0016381,0.991518,0.000242628,0.00044706
40,184,36,0.00155385,0.0062504,0.875013,0.0207712,0.00522176,0.0054294,0.0249466,0.0124997,0.00193214,0.0463816
50,208,81,0.000392416,0.00154995,0.971711,0.0151325,0.00104677,0.00199507,0.00226011,0.0020654,0.000787668,0.00305943
250,74,210,0.931478,0.00492983,0.001284,0.00223048,0.0304115,0.0196203,0.00191283,0.00218694,0.00499691,0.000948806
65,154,221,0.00669706,0.0503085,0.00747513,0.901782,0.00416877,0.0112256,0.00222427,0.0014819,0.0121126,0.00252416
95,37,0,0.0007846,0.00229542,0.00238786,0.000918421,0.00522135,0.000805532,0.822809,0.00272118,0.000221434,0.161835
25,160,174,0.000651751,0.00883405,0.00425762,0.980657,0.00076232,0.00136389,0.000800275,0.000401166,0.000993945,0.00127801
181,55,247,0.977341,0.00778014,0.000515843,0.00170834,0.00533361,0.00378121,0.000700937,0.000467002,0.00190409,0.000467618
35,221,197,0.00165212,0.00688434,0.0133354,0.956947,0.00168161,0.00602093,0.00141163,0.00132439,0.00895365,0.00178872
115,29,243,0.304898,0.572797,0.00634328,0.0287496,0.0351427,0.0185789,0.00979653,0.00396566,0.0110164,0.00871114
34,84,227,0.0138223,0.855234,0.0063695,0.0908893,0.00726865,0.00712447,0.00487614,0.00182571,0.00568822,0.0069018
99,248,242,0.0117893,0.017287,0.0256069,0.24404,0.00831226,0.0653283,0.00421598,0.00624075,0.613179,0.00400064
72,162,70,0.00179811,0.00833822,0.876597,0.0282182,0.00753884,0.00743241,0.0267077,0.0109903,0.0018243,0.0305547
98,140,96,0.0135373,0.0650382,0.421777,0.130358,0.072903,0.0556148,0.114889,0.0405119,0.00903723,0.0763332
22,172,109,0.00503559,0.0414954,0.357308,0.48362,0.010656,0.0147597,0.0229077,0.00995656,0.00702402,0.0472371
165,168,2,0.000688039,0.000851401,0.0161604,0.00126181,0.0058797,0.00357378,0.0161964,0.951013,0.00056629,0.00380966
137,43,88,0.0260707,0.0591612,0.0120125,0.00982849,0.49618,0.0137081,0.305589,0.014643,0.00256374,0.0602428
244,50,13,0.0326527,0.0166205,0.0204828,0.009024,0.460532,0.0344434,0.203824,0.180224,0.00648517,0.0357121
35,138,64,0.00520833,0.0392697,0.346876,0.0757796,0.0175442,0.0122376,0.103346,0.0174374,0.00412365,0.378178
254,226,31,0.00554915,0.00328027,0.0251851,0.00572696,0.0235784,0.0526337,0.0125324,0.857899,0.0086859,0.00492894
27,35,165,0.00494673,0.951444,0.0031364,0.0124184,0.00510761,0.00217616,0.00624322,0.00106962,0.00109419,0.0123637
47,123,121,0.0116896,0.248133,0.125592,0.391731,0.0274526,0.0213905,0.052715,0.0115772,0.00744489,0.102273
19,133,35,0.00323774,0.019807,0.155197,0.0296379,0.0108255,0.00675158,0.095108,0.0133565,0.00248977,0.663589
217,250,65,0.0100171,0.00703138,0.094151,0.0182398,0.0340817,0.198921,0.0183643,0.579942,0.0306087,0.00864284
187,174,153,0.000245522,0.000102754,0.000209769,0.000235298,0.000544386,0.997885,7.1165e-05,0.000217835,0.00045402,3.42334e-05
137,206,164,0.012268,0.0152568,0.0668958,0.169037,0.0185704,0.585673,0.00682082,0.0146356,0.1061,0.00474339
251,147,38,0.00721991,0.00332244,0.0118889,0.00352099,0.0780758,0.0360181,0.0208871,0.830053,0.00384823,0.00516545
50,252,140,0.00538021,0.0160791,0.336903,0.536353,0.0085137,0.0339474,0.00922364,0.012733,0.0300342,0.0108326
52,87,166,0.00234107,0.961287,0.00248306,0.0219869,0.00272133,0.0017271,0.0024318,0.000573237,0.000750894,0.00369745
236,18,0,0.0393348,0.0235366,0.0229169,0.0111045,0.376504,0.0316456,0.300427,0.129116,0.0071844,0.0582289
85,5,215,0.0567061,0.876666,0.00386613,0.0147718,0.0185068,0.00683815,0.00818285,0.00223744,0.00362581,0.00859929
62,170,179,2.58385e-05,0.000200708,0.000140233,0.999406,2.92506e-05,8.39174e-05,2.09076e-05,1.42645e-05,5.46157e-05,2.47193e-05
23,243,64,0.00233362,0.00777446,0.86804,0.0582572,0.00532719,0.0101989,0.0118385,0.012927,0.00561424,0.0176887
222,160,232,0.144398,0.0145805,0.00790136,0.0193316,0.0337886,0.492419,0.00459719,0.00843255,0.271822,0.00273041
214,211,192,0.00536803,0.00167574,0.00299177,0.00453998,0.00476257,0.847741,0.000937617,0.00311085,0.128331,0.000541775
42,23,179,0.00433359,0.973889,0.00148163,0.00591096,0.0034995,0.00137294,0.00317951,0.000602695,0.000694203,0.00503593
195,158,253,0.158961,0.0240463,0.00911832,0.0342216,0.0281072,0.266727,0.0048704,0.00707136,0.463613,0.0032633
53,152,205,0.00178959,0.0208217,0.00334388,0.964151,0.00140358,0.00316693,0.000907668,0.000534192,0.00275156,0.00112989
192,174,205,0.0194299,0.0047129,0.00376158,0.010035,0.0102131,0.848783,0.0015225,0.00304007,0.0975988,0.000903286
23,135,137,0.0069955,0.148101,0.0724766,0.672359,0.011909,0.0125795,0.0200421,0.00601317,0.00613723,0.0433864
160,106,87,0.0125693,0.0142287,0.0194208,0.00862446,0.770944,0.033677,0.085737,0.0371553,0.00281702,0.0148264
77,86,59,0.00256646,0.0174624,0.0198114,0.00785539,0.0162307,0.00371465,0.389862,0.00653513,0.000895074,0.535067
90,129,197,0.0279694,0.305434,0.0175535,0.554571,0.019256,0.0376816,0.00764577,0.00425858,0.0182041,0.00742599
66,88,212,0.00732957,0.943863,0.00225698,0.0326777,0.00366177,0.00341624,0.00183951,0.000692109,0.00208286,0.00218063
119,85,119,0.0456874,0.260848,0.0368568,0.0485692,0.350859,0.0438964,0.12832,0.0198293,0.00696463,0.0581692
154,247,2,0.00428246,0.0054461,0.277892,0.0144093,0.0172203,0.0324578,0.0282856,0.596524,0.00825518,0.0152272
156,222,179,0.00843064,0.00703992,0.0241245,0.0536408,0.0100349,0.627274,0.00327983,0.00862024,0.255321,0.0022337
194,14,243,0.961029,0.012968,0.00090702,0.00231014,0.0119905,0.00475296,0.00169425,0.000967513,0.00228004,0.00110044
106,161,93,0.00691784,0.022515,0.692023,0.0784599,0.0352811,0.0480744,0.0457063,0.0360649,0.00688042,0.0280766
77,50,216,0.00648537,0.981068,0.000740054,0.00489536,0.00231894,0.00131571,0.0010109,0.000321273,0.000729493,0.00111522
112,123,181,0.0677,0.368107,0.0296611,0.309448,0.05979,0.10134,0.0161498,0.00916297,0.0259702,0.01267
4,197,23,0.00456697,0.0183973,0.677624,0.0587814,0.012456,0.0133751,0.053429,0.0275617,0.0061558,0.127653
167,207,24,0.00113553,0.00131417,0.0547668,0.00294269,0.00671629,0.0106526,0.00920971,0.908175,0.00160472,0.00348215
10,126,214,0.0118861,0.274261,0.0184983,0.638635,0.00895579,0.0123315,0.00787456,0.00343828,0.0114395,0.0126796
252,46,203,0.940407,0.0049751,0.00108195,0.00176529,0.0332047,0.0106184,0.00207839,0.00192627,0.00293353,0.00100904
51,182,145,0.000694169,0.00482965,0.0209359,0.96424,0.00116768,0.00282534,0.00128825,0.000865534,0.0014404,0.00171293
193,155,227,0.141417,0.0204263,0.00873917,0.0294048,0.0328124,0.516967,0.00462129,0.00709973,0.235638,0.0028738
166,161,185,0.0234017,0.0106908,0.0077838,0.0249403,0.0198372,0.865096,0.00291296,0.00460802,0.0390147,0.00171467
231,139,65,0.0144608,0.00610679,0.0185782,0.00618889,0.27043,0.0928237,0.0322035,0.545483,0.0062426,0.00748186
79,16,224,0.0415106,0.905847,0.00317747,0.0143416,0.0126548,0.00565995,0.00567816,0.00169128,0.00325568,0.00618357
169,204,40,0.00174435,0.00192947,0.0778073,0.00455099,0.0106997,0.0210077,0.0112903,0.864191,0.00256824,0.00421094
113,0,55,0.016589,0.0489559,0.0115886,0.00867581,0.10187,0.00837616,0.580279,0.0133962,0.00228553,0.207984
165,197,76,0.00765629,0.0081613,0.259215,0.0232302,0.0450967,0.186795,0.0269271,0.419203,0.0128991,0.0108168
142,230,73,0.00401145,0.00550209,0.71783,0.0251655,0.0150244,0.0725832,0.0140318,0.126278,0.0116126,0.00796095
240,249,117,0.0161293,0.00774541,0.044709,0.0198464,0.035863,0.637951,0.0115931,0.131023,0.0892982,0.00584138
184,158,73,0.0101346,0.00798356,0.0597486,0.0118042,0.146136,0.140419,0.0414027,0.564728,0.00709212,0.0105515
217,24,66,0.0296352,0.0119522,0.00602515,0.00398171,0.820935,0.0135671,0.0743489,0.023013,0.0024592,0.0140829
23,130,165,0.00551649,0.169721,0.0239255,0.75498,0.00686407,0.00808475,0.00820003,0.00284713,0.00476481,0.0150954
131,243,252,0.00335828,0.00321889,0.00398077,0.0248523,0.00201422,0.0215854,0.000825673,0.00137132,0.938084,0.000709679
92,207,196,0.00454047,0.0113275,0.0197035,0.876478,0.0043702,0.0335841,0.00228263,0.00279593,0.0427469,0.00217094
69,172,132,0.00341201,0.0218611,0.142863,0.78035,0.00734776,0.0163571,0.00797434,0.00518322,0.0054868,0.00916494
210,197,143,0.000502715,0.000194563,0.000643378,0.000468162,0.00116844,0.993888,0.000197007,0.00112484,0.00171977,9.27565e-05
105,221,205,0.0107397,0.0188351,0.0365292,0.572461,0.009515,0.101065,0.00453055,0.0066575,0.235596,0.004071
7,226,176,0.0033248,0.0160095,0.0478427,0.891053,0.00394912,0.0106999,0.00435561,0.00365258,0.0127123,0.00640001
202,51,147,0.182861,0.0108706,0.00194041,0.00256326,0.774389,0.0127952,0.00674847,0.0035625,0.00186482,0.00240469
186,9,143,0.306593,0.056046,0.00566772,0.00782296,0.549193,0.0188136,0.030505,0.00877946,0.00431069,0.0122689
39,123,216,0.012625,0.34091,0.0125443,0.586975,0.00827672,0.0122235,0.00564331,0.00260057,0.0104539,0.00774684
189,74,76,0.00203384,0.00119191,0.000940883,0.000501682,0.977286,0.00222237,0.0104555,0.00372904,0.0002477,0.00139087
193,24,180,0.888024,0.0169319,0.00137082,0.0025221,0.0742571,0.00716506,0.00408975,0.00183989,0.0018043,0.00199527
176,238,167,0.00651088,0.00448398,0.0216542,0.0246997,0.00905778,0.715316,0.00299557,0.0114584,0.201922,0.00190182
138,150,83,0.0150588,0.0270312,0.311145,0.0474567,0.153921,0.124931,0.116515,0.155954,0.0103883,0.0375993
251,21,66,0.059906,0.0168146,0.00981172,0.00661443,0.738365,0.0273262,0.0735014,0.0446908,0.00529712,0.0176723
22,196,170,0.000542778,0.00369765,0.00746341,0.98215,0.000674743,0.00165986,0.000729662,0.000508395,0.00148468,0.00108905
70,49,197,0.00030194,0.998824,5.51685e-05,0.00033001,0.000163035,7.77955e-05,8.57672e-05,2.23786e-05,3.80812e-05,0.00010177
83,126,187,0.0189668,0.34325,0.0170081,0.548213,0.0162118,0.0260801,0.00750439,0.00366934,0.0113983,0.00769843
87,99,42,0.00152367,0.00684232,0.0205935,0.00454245,0.0115712,0.00282738,0.660324,0.00780095,0.000626849,0.283347
252,59,123,0.0921355,0.00773798,0.0036704,0.00329648,0.832284,0.0278458,0.0121642,0.0133627,0.00376236,0.00374063
113,203,82,0.000669723,0.00142646,0.963166,0.00823729,0.00265561,0.00813097,0.00326791,0.00894485,0.00137229,0.00212885
83,171,167,0.00138214,0.00746628,0.0091688,0.967056,0.00189413,0.00690221,0.00115529,0.000912109,0.00290896,0.00115426
23,42,129,0.011532,0.739452,0.0151812,0.0381373,0.01884,0.00697455,0.0406482,0.00465134,0.00305116,0.121532
229,147,173,0.0433157,0.00447606,0.00378103,0.00498007,0.0429876,0.870846,0.0028063,0.0071165,0.0184185,0.00127192
69,159,148,0.00228095,0.0203641,0.0284164,0.923842,0.00404618,0.00831023,0.00357242,0.00199945,0.00302604,0.00414214
50,156,189,0.000336629,0.004154,0.00109711,0.992149,0.00032786,0.000714961,0.00024324,0.000138187,0.00052299,0.000315847
218,93,239,0.944059,0.00622896,0.00118616,0.00310305,0.0130815,0.0205894,0.00127091,0.00135417,0.00838286,0.000744035
76,189,161,0.000680488,0.00308694,0.0101415,0.976666,0.00100145,0.0041509,0.000730419,0.000674245,0.0021021,0.000765474
65,96,55,0.00192695,0.0137475,0.0250885,0.00829342,0.0102584,0.00314633,0.204846,0.00573044,0.000822419,0.72614
189,95,135,0.0254639,0.00528753,0.0020849,0.00230537,0.929784,0.0238136,0.00452283,0.00376203,0.00151896,0.00145688
123,103,37,0.00125828,0.00307922,0.0115162,0.00216754,0.017591,0.00278933,0.914097,0.013638,0.000467752,0.0333952
175,24,59,0.0222206,0.0198303,0.00849519,0.00534709,0.590958,0.0116649,0.281178,0.0219576,0.00224155,0.0361068
112,246,46,0.00119358,0.00209891,0.923329,0.0097685,0.00401289,0.0109502,0.00644519,0.0344162,0.0031297,0.00465597
153,183,17,0.00148341,0.00202585,0.0813605,0.00380695,0.0108927,0.0100163,0.0251212,0.856003,0.00153462,0.007756
47,118,133,0.0113874,0.353697,0.0726913,0.406454,0.0228987,0.0181156,0.0353957,0.00823319,0.00670317,0.0644236
65,8,138,0.0215176,0.816722,0.00781465,0.0167982,0.031752,0.00671323,0.0380477,0.00411919,0.00256813,0.053947
89,86,123,0.0242528,0.571114,0.0373389,0.0721772,0.0874953,0.0237743,0.0883188,0.0115153,0.00545449,0.078559
123,243,117,0.00698715,0.0109208,0.595294,0.111842,0.0160694,0.151889,0.011812,0.0421138,0.0443838,0.00868771
234,65,251,0.967582,0.00462136,0.000798288,0.00186983,0.00947818,0.00871152,0.0010424,0.000998564,0.00427978,0.000618077
132,214,139,0.0110488,0.0160534,0.227384,0.174607,0.0236331,0.432023,0.0115275,0.0307961,0.0650768,0.00785048
27,18,166,0.00925343,0.922015,0.00467865,0.0159178,0.00908393,0.00351221,0.0109626,0.00182328,0.00178527,0.0209674
252,190,158,0.0129173,0.00273244,0.00514742,0.00451905,0.019732,0.907857,0.00264623,0.0134802,0.0297349,0.00123299
75,215,139,0.00337379,0.0112311,0.247567,0.671287,0.00612638,0.0278927,0.00565132,0.00715346,0.0138636,0.00585342
126,148,114,0.0250753,0.0612742,0.249156,0.139029,0.142772,0.208228,0.0665587,0.0569175,0.0180288,0.0329599
28,49,121,0.0118047,0.656324,0.0190831,0.0429019,0.0220925,0.00789176,0.0545563,0.00555185,0.00324003,0.176554
239,27,229,0.972302,0.0042766,0.000637931,0.00124425,0.0121919,0.00472393,0.00119195,0.00091705,0.0018531,0.000661811
63,159,132,0.00424043,0.0378755,0.112536,0.785729,0.00911963,0.0153035,0.0108521,0.00536139,0.00520596,0.0137773
184,62,169,0.682684,0.0249706,0.00259914,0.00485884,0.248962,0.0204849,0.00618295,0.00330167,0.00321839,0.00273793
171,21,2,0.0106085,0.0122716,0.0110745,0.00487396,0.121696,0.00890375,0.723894,0.0366263,0.0020441,0.0680077
84,1,67,0.0163933,0.0904286,0.0138057,0.0123375,0.0673537,0.00832668,0.385954,0.0110247,0.0025584,0.391817
204,111,147,0.102113,0.0123414,0.00655283,0.00767778,0.629648,0.208062,0.00916656,0.0128302,0.00826936,0.00333898
5,92,131,0.0125133,0.498663,0.0509721,0.194689,0.0205218,0.0132191,0.0452712,0.00811174,0.00650834,0.149531
242,68,116,0.0343544,0.00374376,0.00199458,0.00166371,0.92445,0.015385,0.00687811,0.00784164,0.00174657,0.00194184
48,232,95,0.00129156,0.004405,0.898856,0.0647833,0.00287647,0.00743954,0.00475541,0.00580133,0.00376937,0.00602206
134,186,237,0.0321451,0.02917,0.0152063,0.164378,0.0143834,0.158312,0.00430581,0.0055495,0.573065,0.00348519
45,130,183,0.0048598,0.157159,0.010788,0.800377,0.00484216,0.00677354,0.0039159,0.0016217,0.00407004,0.00559253
241,25,33,0.0432978,0.0192116,0.0153469,0.0083911,0.593562,0.0294846,0.166732,0.0856427,0.00588489,0.0324467
253,212,28,0.00365946,0.00212618,0.0152771,0.00344211,0.0178109,0.0319554,0.00918696,0.908406,0.00479222,0.00334317
235,234,132,0.010547,0.00448987,0.0208182,0.0113822,0.021875,0.808163,0.00574037,0.0513696,0.0627498,0.00286477
53,238,87,0.000892501,0.00275946,0.940533,0.0330151,0.00207616,0.00544548,0.00350332,0.00490345,0.00265395,0.00421756
179,46,222,0.991993,0.00280482,0.000154485,0.000445498,0.00261002,0.0010395,0.000263255,0.000150511,0.000376512,0.000162382
79,178,250,0.0223946,0.0632517,0.0184747,0.71327,0.0110798,0.0451542,0.00515745,0.00458571,0.111287,0.00534514
222,167,209,0.0493159,0.00624936,0.00468124,0.00934654,0.0205698,0.790454,0.00251732,0.00557031,0.1099,0.00139555
195,140,165,0.0345981,0.00630719,0.0045148,0.00697379,0.0540253,0.871913,0.00313457,0.00575187,0.011361,0.00142072
53,17,47,0.00299707,0.0205251,0.00584628,0.00432213,0.0112243,0.00217231,0.148249,0.00343792,0.000727728,0.800498
186,107,95,0.00523953,0.00282465,0.00337783,0.00178004,0.946149,0.015327,0.0106544,0.0115363,0.000946886,0.00216414
165,110,193,0.478536,0.0823405,0.0114443,0.039934,0.124837,0.208372,0.01031,0.00859404,0.0297505,0.00588189
32,156,182,0.00054926,0.0079373,0.00255178,0.984836,0.000587558,0.00108733,0.000545268,0.000278637,0.000810276,0.000817034
254,32,176,0.77461,0.012794,0.00303224,0.00415266,0.159296,0.0231881,0.00771148,0.00638274,0.00549058,0.00334215
76,83,195,0.00227301,0.985625,0.000662163,0.00699317,0.00138237,0.00100505,0.000650088,0.000213167,0.000470848,0.000724658
12,211,99,0.00408523,0.0207357,0.60934,0.275847,0.00821011,0.0147799,0.0167128,0.0116308,0.00859621,0.0300617
161,60,132,0.0514585,0.0321214,0.00379379,0.00507823,0.864411,0.0131275,0.0175264,0.00465123,0.00186628,0.005966
178,57,218,0.991842,0.00265021,0.000156655,0.000466245,0.00272155,0.00121544,0.000248057,0.000149615,0.000399845,0.0001501
87,107,11,0.000997847,0.00331871,0.0196404,0.00280175,0.00702419,0.00205786,0.699788,0.0101598,0.000493007,0.253718
180,89,136,0.0293406,0.00778631,0.00230696,0.00277457,0.925867,0.0194269,0.00560249,0.00353909,0.00151042,0.0018457
210,84,115,0.00117102,0.000218979,0.0001207,9.78967e-05,0.996449,0.000965526,0.000408327,0.000388438,7.60131e-05,0.000104496
207,233,107,0.00992774,0.00610053,0.0584633,0.0183845,0.0291705,0.680862,0.0102095,0.137631,0.044299,0.00495185
177,205,165,0.0013281,0.000779082,0.00244967,0.00331456,0.00199261,0.974667,0.000465758,0.0015229,0.0132115,0.000269229
96,223,234,0.0134692,0.0233905,0.0259139,0.477566,0.00918067,0.0704754,0.00442158,0.00576796,0.365595,0.00421993
49,189,56,0.000510998,0.00210694,0.964465,0.00989971,0.00166565,0.00210371,0.00585534,0.00364655,0.000718272,0.00902736
68,216,39,0.000147224,0.000411601,0.990884,0.00185729,0.000500011,0.000785473,0.00146978,0.00210522,0.00025915,0.00157999
22,244,163,0.00451051,0.0170727,0.109047,0.800599,0.00591126,0.0190241,0.00646483,0.00668444,0.021977,0.0087092
86,101,86,0.012688,0.106242,0.0958974,0.0537059,0.0774611,0.0218064,0.332554,0.0227493,0.0045613,0.272335
67,203,131,0.00274073,0.0113954,0.289286,0.646609,0.00542441,0.0181803,0.00587093,0.00595167,0.00796414,0.00657721
103,62,68,0.0051718,0.0261566,0.0111741,0.00644216,0.0503669,0.00503255,0.725418,0.00776567,0.00106955,0.161403
156,35,144,0.200769,0.127995,0.00708051,0.0114652,0.569659,0.0209163,0.0349548,0.0079171,0.00424799,0.0149942
19,66,193,0.00495459,0.941247,0.00364821,0.0302461,0.00392499,0.00269078,0.00380734,0.000992243,0.00168603,0.00680259
13,162,206,0.00266358,0.030245,0.00851627,0.9406,0.00232305,0.00446004,0.00210136,0.00116396,0.0047052,0.00322195
254,70,67,0.0300824,0.00797712,0.00782868,0.00434569,0.804911,0.030483,0.0391552,0.0626173,0.0040753,0.00852426
188,11,140,0.26555,0.0481887,0.00531885,0.00710005,0.602641,0.0178597,0.0294374,0.00855148,0.00395855,0.0113938
75,204,16,0.000891894,0.00232406,0.932548,0.00714397,0.0035212,0.00416542,0.0144721,0.0195968,0.00125474,0.0140821
216,232,189,0.00722076,0.00275273,0.00653722,0.00857146,0.00717204,0.630546,0.00174107,0.00660008,0.32782,0.00103869
85,236,158,0.00591972,0.0142789,0.166538,0.670415,0.00873376,0.0608495,0.00650332,0.0105172,0.0499438,0.0063011
193,1,165,0.631369,0.0525393,0.00460574,0.00732659,0.247949,0.01745,0.0186239,0.00667471,0.00469568,0.00876583
5,186,0,0.00558846,0.0210115,0.526333,0.0501458,0.0164135,0.0149618,0.0891648,0.0391253,0.00654741,0.230709
108,30,247,0.240539,0.637256,0.00657478,0.031658,0.0318634,0.0181051,0.00969419,0.00392294,0.0114129,0.00897386
86,128,213,0.0334363,0.330566,0.0154434,0.525613,0.0175154,0.0356713,0.00701513,0.00405322,0.0236105,0.00707498
184,46,245,0.983345,0.00574282,0.0003755,0.00116028,0.00429905,0.00255764,0.000555798,0.000355446,0.00124186,0.000366264
68,26,164,0.00379244,0.979892,0.00098335,0.00320376,0.00372048,0.00103837,0.00284197,0.00045604,0.000422303,0.00364892
182,191,60,0.00319373,0.00287695,0.0568578,0.00614415,0.0234371,0.0563149,0.0136857,0.828744,0.0041715,0.00457413
120,48,96,0.0311818,0.136291,0.0181757,0.017313,0.327694,0.0172818,0.329548,0.0155534,0.00348916,0.103473
249,30,23,0.0441612,0.0199896,0.0185396,0.00954608,0.529541,0.0345084,0.181538,0.118911,0.00699258,0.0362719
121,46,118,0.0571764,0.309147,0.016601,0.0226617,0.353798,0.0216328,0.138565,0.0128845,0.00455582,0.0629774
97,242,14,0.00177107,0.00341263,0.876136,0.012143,0.00622985,0.0109657,0.0150316,0.0588685,0.00352277,0.0119189
203,136,138,0.0335851,0.00772095,0.00844507,0.00775845,0.21719,0.687122,0.00761173,0.0181929,0.00959003,0.00278413
71,65,42,0.000496903,0.00296246,0.00255595,0.00109588,0.0029058,0.000579943,0.17769,0.00121236,0.000156404,0.810345
195,156,198,0.0390692,0.00652511,0.0040114,0.00984624,0.0188363,0.869806,0.00207278,0.00374045,0.0449419,0.00115071
139,208,37,0.00260873,0.0039395,0.587012,0.0113307,0.0137745,0.0249938,0.0232238,0.318202,0.00413132,0.010784
124,90,132,0.0629022,0.302296,0.032957,0.0574236,0.34877,0.0583299,0.0744119,0.0175485,0.00865969,0.0367011
217,152,180,0.0240163,0.00293803,0.00237476,0.00367716,0.0194564,0.926941,0.00151175,0.00351172,0.0148444,0.000728827
17,86,189,0.00717752,0.854664,0.00805353,0.0957764,0.00624836,0.00510125,0.00633332,0.00180149,0.00327173,0.0115726
187,238,241,7.41586e-06,3.53059e-06,4.78996e-06,1.37752e-05,4.28394e-06,9.4683e-05,1.27823e-06,2.88337e-06,0.999866,9.21076e-07
